rating,review
4,"Olahraga pagi di Curug Dago. Masih di Kawasan Kota Bandung ada tempat kawasan hijau yang alami. Bisa dijadikan alternatif olahraga pagi jika bosan di Gasibu. Hitung-hitung sambil treking tipis-tipis. Bagi yang naik kendaraan, bisa parkir di Cafe Monday Co Dago. Ada yang jagain kok.

Seteah parkir nanti akan ada percabangan jalan. Kelihatan 3 percabangan jalan besar di depan Monday Co. Tapi ada satu ruas jalan kecil ke bawah yang kalau nggak jeli nggak akan terlihat. Ikuti kecil jalan itu lalu akan ketemu jembatan Curug Dago

Kalau mah turun ke bawah Curug belik ke kanan, nanti akan ada petugas 2 orang warga lokal yang memfasilitasi hntuk mencatat nama pengunjung di buki registrasi dan biaya masuk sekitar 15.000 (ini aku agak lupa berapa ya karena udah 6 bulan berlalu aku ke sininya baru sempat nulis).  Setelah itu turun ke bawah tangga, jalannya agak curan dan tinggi antara tangga satu ke tangga lainnya. Aliran air curugnya saat itu sangat deras jadi tangganya pun licin."
5,"Tempatnya bagus banget sekalian olahraga sekaligus belajar sejarah. Sayangnya tidak ada fasilitas yg memadai dari pemerintah utk merawatnya. Banyak sampah di aliran air sungai, tidak ada wc yg bagus & air toilet tidak ada alias kotor.

Malu banget sampe kata kuncen yg jaga, beliau harus minta ke dubes thailand utk dana perawatan.

Situs budaya utk belajar ini ga ada perhatian bnget dr pusat. Bikin malu"
3,"Pungli, masa diminta 5000 seorang tanpa tiket pula? Tolong dibenahi.
Parkiran juga gak ada.
Toilet kotor isi daun doang."
5,"Iseng aja jogging kesini,ditemenin gerimis2 kecil adem bangett
Tempat ini tuh gratis sebenernya cuma tetep aja ada yg mintain uang alasan buat kebersihan lah dll,kata ibu yg punya warung di sini kalo dipinta uang jangan dikasih karena yg mintain ini udah sering di tegur sama pengurus disini tapi tetep aja gak kapok2. Kalo aku waktu itu ya tetep ngasih aja sih karena ya mereka minta seikhlas nya berapa ajağŸ‘ğŸ»ğŸ‘ğŸ»"
5,"Sekarang sudah bagus, bikin betah berlama-lama disana..gratis, kalau ada yg minta ngisi kehadiran heuu ngasih juga boleh gk ngasih juga gpp..' paling taman bermain untuk anak"" sudah pada rusak'"
5,"Sudah jauh lebih baik infrastruktur nya, ada tangga yg membantu menuju curug

Selalu saja ada ""khazanah lokal"" Dalam ""menjaga"" Kebersihan :)"
5,"Udh lama tau nama curugnya tp belom pernah kesini baru pas kemarin itu, katanya sih dulu ini tempat semedi raja Thailand yang berkunjung ke bandung, namanya raja rama ke-5 dan ke-7, jalan menuju batu prasasti dan tempat semedinya lumayan curam tp aman kok, kebeneran pas aku kesana kayanya baru diperbaiki krn masih bau baru dicat gazebonya, ada undakan tangga, kiri kanannya pegangan berupa pagar tembok.  Pas udh sampe disana tuh yang kepikiran adalah gimana cara raja itu dulu menuju kesini, belom ada undakan tangga juga kan...peer banget hehe kalo yang suka sejarah mungkin suka tempat ini, ayo belajar sejarah sambil main ğŸ˜Š"
3,Dari sisi sejarah sungguh menyenangkan sekali bisa mampir kesini... tapi kalau untuk menikmati curugnya sayang sekali skrg banyak yg buang sampah jd tercium bau kurang enak. Pdhl prasastinya dilindungi kaca dan kacanya bersih bgt ğŸ¥² semoga kedepannya mendapatkan perhatian dari pemerintah direnovasi krn tanggaÂ² yg curam juga pegangannya ada yg sudah rusak. Ada tempat bermain anak juga syangnya sudah agag rusak.
5,"Ada 2 pilihan jalur track untuk sampai sini. Pertama lewat monday coffee, jalur nya menurun dan jaraknya deket jadi gak terlalu capek. Cuman, pas pulang jalan nya nanjak banget, lumayan cape hehe. Kedua, jalur plta dago. Aku masuk dari arah dispsiad, untuk arahnya bisa ikutin google maps. Kalau lewat sini masuk-masuk gang, ngelewatin sekolah alam, dan tanjakan nya sedikit. Jalur kedua lebih jauh daripada yang pertama, tapi untuk kalian yang sengaja pengen jalan jauh bisa coba jalur yang kedua.

Tangga menuju curug nya lumayan terjal, pakai sepatu yang anti slip supaya gak licin.
Di sekitar curug ada warung dan playground.
Masuk ke curug nya gak bayar, cuman disana ada bapak dan ibu yang jaga.. kita kasih uang kebersihan seikhlasnya. Bapak nya jago buat ngambil foto loh, kalau datang sendiri bisa minta fotoin bapaknya hehe."
5,Tempat lumayan indah Hati Hati saja lewat tangga batu nya
5,"tempat nya bagus, adem cuma kalo bisa dateng nya jangan pas abis ujan soalnya licin ğŸ˜ğŸ™ğŸ»"
4,"air terjun yang dekat dengan pusat Kota Bandung, tapi perlu perbaikan fasilitas dan kebersihan untuk kenyamanan pengunjung."
4,Curug di daerah dago yang terdapat situs peninggalan sejarah dari raja Tahiland yang pernah singgah di curug ini. Aksesnya bisa melalui beberapa jalur. Akses tangga menuju curugnya cukup terjal tapi jaraknya tidak terlalu jaih
4,"Masih asri banget ya, hanya lingkungan sepertinya masih dalam proses pembenahan semoga bisa terus lestari dan banyak pengunjung datang sehingga bisa terus terkenang sejarah yang terkandung dalam Curug Dago ini. Tetap jaga kebersihan lingkungan untuk yang mau berkunjung â˜ºï¸ğŸ‘ğŸ»"
5,"Sepi pengunjung, ada satu warung kopi, lumayan buat istirahat, toilet rusak dan gelap tdk di perbaiki karena sepi pengunjung, taman nya bersih, ada yg nyapu."
4,"Curug Dago masuknya free , untuk tracking lumayan, gunakan sepatu yang nyaman dan anti slip ya gais , siang panas banget enak pagian kayanya , hati hati selama perjalanan turun"
4,"masuk dari akses depan monday coffee house
menuju ke curug langsung menghadapi turunan curam sampai bawah
dan bayangkan naiknya yaa.. langsung nanjak curam..
akses ini tidak cocok buat orang tua 50++ sebaiknya gunakan akses lain
kondisi jalan cukup baik, cuman beberapa sudah rusak
di area curug ada 2 bangunan model thailand yg berisi tandatangan 2 raja thailand yg pernah kesitu
area curug sejuk dan nyaman
sebaiknya menggunakan sandal atau sepatu yg tidak licin dan siapkan air minum
biaya masuk tdk ada, cuman di area curug ada bapak/ibu minta ngisi buku tamu, sebaiknya dikasih seiklasnya.. bpknya dengan senang hati bantu foto2"
4,"Air terjun yang terletak ditengah-tengah kawasan dago. Untuk menuju tempat ini saya kemarin menggunakan kendaraan bermotor jadi bisa masuk sampai dekat dengan air terjunnya. Untuk masuk ke tempat ini jika anda menggunakan mobil, anda harus berjalan kaki kurang lebih 200 meter dari jalan raya. Sekilas tempatnya nyaman dan tenang ada arca peninggalan terdahulu berupa batu besar yang bertuliskan aksara Jawa kuno. Perhatian buat pemerintah atau masyarakat setempat adalah sampah yang ada disekitar air terjun ini. Secara keseluruhan tempatnya bagus tapi akan sirna ketika anda melihat tumpukan sampah yang ada pas dibawah air terjun ini."
3,"Jika ingin ke curug Dago kita harus berjalan kaki sekitar 200-300 meter ke arah bawah (jika parkir di daerah Bukit Dago) atau melalui perkampungan penduduk (jika dari arah Dago Pojok)

Jalannya cukup licin, apalagi jika sehabis hujan. Jika sudah sampai di lokasi dan mau turun untuk melihat air terjunnya, kita hrs menuruni tangga yg curam. Nanti kita juga akan menemukan batu prasasti raja Thailand di dekat air terjun.

Rasanya disepanjang jalan menuju Curug tidak ada penerangan jalan, sehingga jika sudah sore/malam, area tersebut akan gelap sekali.

Di perempatan sebelum memasuki kawasan curug ada pos penjagaan penjualan tiket. Tetapi beberapa kali saya kesana, disitu tidak ada penjaganya."
3,"Lumayan bagus untuk spot foto nyağŸ“
Tapi dulu itu kan ini curug dago ini belum terkenal luas, tapi sekarang sudah ramai di kunjungi wisawatan, jadi tiket masuk ke sana itu 5.000/orang. â€¦"
3,"Kalau saja bisa dikelola dengan lebih baik, tempat ini berpotensi jadi keren. Lokasinya deket banget sama jalan raya. Pudunan ke citra green. Cuman jalan 20 menit sampai tempat ini. Sampah dimana mana. Padahal di lokasi ada 2 batu peninggalan raja Thailand. Keren banget. Suasananya juga kuat, lekoh. Sayangnya kurang dirawat."
5,"Kalau mau turun lihat kuil/monumen raja Siam, siap2 kena Scam ada ibu-ibu yang minta isi buku dan bayar Rp 10rb"
2,"Dibanding 1 sampai 2 tahun yang lalu dengan kondisi sungai yang bersih (lihat ulasan orang-orang sebelum nya), sekarang kondisi sungai kotor, banyak sampah, dan sepi.

Semoga bisa dibenahi lebih baik lagi kedepanya."
3,"Sepertinya kurang terkelola dengan baik, efek dari pandemi-dengar cerita mah sehingga tingkat kunjungan kemari berkurang drastis. berkunjung kesini 23 Juli 2023 cat cat nya sudah memudar, warung ada 1, toilet ada, wahana bermain anak ada, tempat istirahat ada yang masih bisa digunakan, akses masuk banyak..."
5,Cobain deh kesana sendirian pas abis hujan.. Nuansanya indah banget.. Walau agak takut jatuh ya karena licin.. Hahaha.. Tp indah banget pokoknya..
5,"Curug dago yang terbentuk dari letusan gunung api purba, curug ini memiliki keistimewaan karena terdapat 2 buah batu yang terdapat ukiran hasil dari Raja Rama 5 dan juga Raja Rama 7.
Akses lokasi kesini cukup mudah, tangganya lumayan agak licin. Dibawah terdapat ibu petugas yang di akhir akan meminta ttd, dan juga bayar seikhlasnya tetapi biasanya dipatok 5000, worth it untuk harga segitu, dan sekarang sudah ada keterangan dari raja rama 5 dan 7 kenapa mereka pernah ke tempat ini.

Kami dari @ceritabandung.id âœ¨"
2,Kurang terawat. Akses menuju air terjun sangatlah berbahaya saat musim hujan karena licin dan kondisi tangga serta pagar yg sebagian rusak. Tidak ada signs sama sekali untuk alasan keamanan pengunjung. Sangat tidak direkomendasikan bagi anak-anak atau orang yg physically challenged.
5,"Jejak Sejarah Kerajaan Thailand di Curug Dago.

Jejak sejarah yang ada di tempat wisata di Bandung yang satu ini dapat dilihat dari adanya prasasti batu Kerajaan Thailand yang berasal dari abad ke 18. Prasasti batu ini bertuliskan nama raja yang diketahui bernama Raja Chulalongkom II (Rama V) yang berasal dari Thailand.

Raja Rama V mengunjungi Curug Dago sekitar tahun 1896 silam. Kemudian beliau kembali mengunjunginya untuk kali kedua pada tahun 1901. Pada kunjungannya yang kedua ini sang raja kembali menulis diatas batu prasasti. Raja Rama V menuliskan paraf dan tahun Rattanakosin, Era 120 (Bangkok)."
5,Bomber adventure...Curug yg exotis di hutan kota dan penuh sejarah prasasti raja Thailand masuk masih free dan fasilitas ada WC serta warung yg menyediakan liwet juga cocok buat acara rame rame dan Murmer liwetnya hanya 250 bisa untuk 17 orang dan bagi pesepeda newbie juga cocok untuk menjadi destinasi gowes
4,"Curug berarti air terjun dalam bahasa daerah Jawa Barat. Curug Dago menyimpan prasasti sejarah berupa batu kali yang berparaf dua raja Thailand yaitu Chulalongkorn (Rama V) dan Prajadhipok (Rama VII). Kedua prasasti dilindungi dalam bangunan cat merah yang sayangnya tidak terawat sama sekali; tulisan prasasti dan photo raja tidak dapat terbaca sama sekali.

Tebing air terjun dari endapan bebatuan longsor gunung dahulu. Air keruh dan sampah bertebaran dimana-mana. Medan menuju lokasi cukup mudah dicapai dengan sepeda motor."
2,"Aksesnya susah,, tidak terawat, banyak jalan yg terhalangi semak semak, dan jalan yg ambrol, berbahaya, sayapun tidak berani sampai bawah karna jalan yg mengerikan dan licin, gubuk juga sudah jelek, curug tidak tinggi"
4,So far so good. Hanya saja tanjakan dan turunannya lumayan ekstrim. ğŸ˜‚
4,"Kalo naik mobil harus parkir di depan, lalu jalan kaki ke arah curugnya. Area sekitar curugnya enakeun, masih terjaga. Ada warungnya jd bisa ngemil2 sambil menikmati wilayah sekitar. Utk turun ke curugnya, hrs turun tangga tp agak licin jd hati2. Ada bapak ibu yg bebersih di situ, baik2 sekali mereka"
5,"Sawasdee Bandung! Jika Raja Thailand berlibur ke Bandung dua kali, terus penggantinya napak tilas lagi ke Bandung,  artinya kota Bandung dulunya itu beda , cantik dan eksotis , tapi itu dulu ya sekitar tahun 1900an dan satu situs yang pasti dikunjungi adalah curug dago ( air terjun) untuk ngadem dan bertapa.

Dalam buku A Diary of The Last Journey to Java, yang ditulis oleh Raja Chulalongkoorn II ,(Rama V,) ada catatan tentang kunjungannya ke Curug Dago untuk pertama kalinya pada tahun 1896, saking berkesannya raja Rama V ini berkunjung kembali 5 tahun setelahnya. Ia membubuhkan tanda tangannya di atas sebuah batu yang dituliskan dengan huruf siam sebagai jejak dan disimpan sebagai prasasti hingga sekarang dan penyimpanannya bergaya  Thailand. Pada tahun 1929 Raja Rama VII juga mengunjungi curug Dago untuk napak tilas melihat prasasti peninggalan pendahulunya itu. BTW, ke curug Dago nya ditandu dari hotel Homann lho !"
5,"Lumayan buat ngadem dan maen sama an anak anak..
Ga usah yang jauh jauh.. yang deket aja dari rumah.
Airnya kurang jernih.. apa gara2 musim hujan ya?"
4,"Suasananya tenang, akses masuk motor jalurnya sempit, debit air cukup deras (sekitar curug diberi pembatas agar tidak ada yg mendekati air curug), menuju curug ada tangga tetapi tetap harus hati-hati apalagi bila habis hujan"
1,"Jika anda memiliki ekspektasi bahwa curug ini indah, sepertinya anda akan cukup kecewa, seperti saya. Dengan jalan masuk yang cukup sulit (hanya motor melewati jalan kecil dan licin, mobil tidak bisa), pemandangan yang ditawakan tidak memuaskan. Terlihat banyak sampah di pinggir sungai dan di kaki air terjun (tidak saya foto). Airnya pun tidak jernih. Kalau bisa bilang, tidak ada yang spesial dari sini (hanya sungai biasa dengan pepohonan), kecuali bangunan Thailand di sebelahnya (satu-satunya pemanis mata)."
5,"Lokasinya mudah dijangkau dan ada warung buat beli makan, tidak ada loket tiket tapi nanti pas di Curug ada ibuÂ² yang minta uang (mungkin untuk jasa bebersih lokasi ya, tapi g tau ya semoga bukan pungli)
Pas nyampe lokasi nanti agak masuk lagi buat trek ke Curug, dan ke curugnya itu jalannya agak curam turun ke bawah (hatiÂ² aja) tidak disarankan bawa anak-anak (rada ngeri ya, mana beberapa jalan agak licin)
Tapi so far curugnya lumayan bagus untuk tingkat Curug tengah kota hehhe.
Disini juga ada prasasti peninggalan jaman dulu (lupa apa wkw)"
2,"Harga tiket 15k ngga sebanding dengan tempatnya. Bisa dibilang ini air terjun sampah, sampah doang sungainya"
3,"wisata alam di sekitar dago pojok,
tertulis tiketnya 12k (agak mahal sih kalo liat fasilitasnya), cuma kalo datangnya pagi mah gratis karna ga ada yg jaga
air nya udah agak keruh, akses menuju air terjun nya agak bahaya karna licin dan beberapa penyangga tangga yg rusak,"
4,"Sejuk dan tenang suasananya, jalanannya licin, harus hati-hati, terutama kalau ada anak-anak dan orang tua"
4,"Sebuah air terjun yang dekat dari kota Bandung, namun sayang kurang terpublikasi.Mungkin karena letaknya terpencil sehingga sepi pengunjung.
Disini ada jejak sejarah petilasan raja thailand di masa silam."
4,"Curung yang lokasinya cukup ngumpet di daerah dago, kemarin ke sana hanya bayar parkir 5000."
5,"Curug yg mudah di jangkau. Masih di dalam kota Bandung. Di area Tahura Ir. H. Djuanda.
Gratis tarif masuknya hanya ada sumbangan seikhlasnya utk kebersihan"
3,"Tempatnya sejuk, nyaman, tapi gak terlalu istimewa
Jalan ke curugnya curam, harus hati-hati"
5,"Tempat nya bagus, adem juga, cuman agak susah akses jalan nya"
5,"Aneh di curug ada bangunan, akan terlihat penampakan yg kagum bercampur parno.
Tidak bisa ngobrol karena suara debit air yg normal."
5,Semoga curug dago jdi perhatian pemerintah setempat supaya tempatnya di perbagus dan enak buat wisata rameÂ²
2,"Saya datang ke Curug Dago di hari kerja dan benar-benar sendirian tanpa ada pengunjung lain sama sekali. Kesan saya, agak menyeramkan berlama-lama di sini. Tangga untuk turun ke bawah cukup licin, mungkin karena tidak terkena sinar matahari. Tempatnya seperti sudah lama tidak terawat. Air sungainya kotor dan banyak sampah. Ini salah satu pengalaman terburuk saya mengunjungi tempat wisata"
3,Curug nya lumayan sedikit terawat tp tetep sayang sekali airnya keruh bau dan banyak sampah
4,"Tempatnya sudah tidak ter urus lagi , butuh perhatian pemerintah untuk dibenahi agar tempatnya nyaman agar menjadi tempat wisata yg diminati masyarakat"
4,"Hidden gem banget ini tempatnya, dan perjalanannya sungguh rumit, tanjakan dan pudunannya sungguh terjal. Ada tangganya tapi tinggi banget dan licin. Jadi harus siapkan stamina dan perlu hati-hati ya kalo kesini. Kayanya masih jarang yang tau deh, weekend pun sepi soalnya.

Seger banyak pepohoan, air terjunnya mengalir deras. Tapi typical bukan air yang bening gitu, jadi warna cokelat deh airnya. Seru sih trekking kesini bisa sampe 9km pulang pergi."
5,Lagi jalan jalan sore liat situs ini
2,"Banyak sampah dan bau, padahal tempatnya bagus, bisa jadi wisata alam di kota bandung"
5,Cocok buat edukasi dan rekreasi. Dari arah terminal Dago turun ke bawah nanti ada loket dan juga trek turun ke lokasi Curug
3,"Curug nya kecil, airnya keruh"
5,tempatnya cukup bagus hanyak stamina harus kuat untuk naik turun tangga
5,"Liat TTM live tiktok,ada hantu bertapa diatas batu dan manusia merah bertanduk serta 2 cewe penunggu batu... semoga aman dan tidak ada gangguan yg berkunjung ğŸ™"
5,Pemandangan asri dan sepi. Kesini anter guru ke sekolah Alam Bandung. Kebetulan lewat Curug Dago ini
4,"Curug Dago.. Air terjun kecil di Utara Kota Bandung walaupun sebenarnya dahulu adalah Air Terjun yang cukup besar
Foto : Facebook Bandung Tempo Dulu"
4,"Bagus dan enak suasananya, hanya saja kurang terawat."
3,"Sebetulnya curug nya sangat indah dengan panorama alam nya, ada sejarah juga, yakni ada prasasti raja Thailand, namun kurang terawat"
5,Tempat bersejarah yang konon katanya dulu ada Raja Thailand yang bersemedi di sumber mata air ini
4,"Agak angker sih, aksesnya cukup curam, dan sepi banget pas kesitu"
5,"Curugnya kurang bagus. Tapi track kesana lumayan sih, bukan jalan bebatuan tapi aspal dan tanah. Jadi gak capek2 banget naikin tangga"
4,"Lokasi prasastinya klo pagi agak spooky sih, tapi klo diatas lumayan nyaman buat nyantai nyantai sambil ngobrol dan nikmatin cemilan ğŸ‘Œ â€¦"
5,Tempat yang asri tersembunyi dan indah
4,"Malam sebelum kesini Bandung hujan cukup deras, jadi waktu dateng air nya keruh dan debit curug nya masih lumayan deras, licin dan becek. Tangga menuju curug nya curam + licin kalau hujan.

Bener-bener harus extra hati-hati di tambah pegangan tangga nya ada yang beberapa udah rusak. Tapi overall bersih, gak ada sampah!

Sebelum turun ke curug nya ada ibu-ibu sepertinya pengurus Curug nya nge data nama, tempat asal dan ttd tapi ga di anter sampe Curug. Di curug nya pun gaada orang/penjaga sama sekali.

Oiya, biaya perorang nya 5K aja. Yang mau healing mending ke sini deh gak jauh dari kota!!"
4,"Ahh guys, tempat ini tuh sebenernya bagus banget... Aer terjunnya tinggi, terus dibawahnya ngolam gitu.. jadi bisa buat lompat dan berenang. Tapi sayang banget, waktu saya kunjungi tempat ini ada yang aneh, sepi, dan ga kerawat. Sempet penasaran waktu belum ketemu Aer terjun nya. Ternyata begitu sampe lokasi Aer terjun, amat disayangkan karena sungai dan air nya Uda tercemar, warnanya Uda agak kehitaman. Sumpah, sayang banget, tempat yang mestinya punya daya tarik wisata dan sekaligus bisa membangun perekonomian masyarakat sekitar harus lenyap begitu aja karena pencemaran.

Seharusnya pemerintah dan pihak terkait bersama masyarakat harus saling bahu membahu untuk memperbaiki dan menjaga potensi alam wisata semacam ini, ditambah tempat nya yang masih sejuk meskipun lokasi ga jauh dari alun-alun kota Bandung.

Mohon untuk diperhatikan potensi semacam ini. Thanks Google."
5,"Masuk kawasan tahura jadi bayar HTM Rp17.000/orang

Akses mudah ikutin gmaps; agak licin tapi ga jauhh. Cuma butuh 15 menit dari pintu masuk untuk turun sampai ke area curug.

Curug lumayan terawat. Ada yang jaga & bapaknya jagoo bangett fotoinnya. Kasih seikhlasnya tapi kemarin berenam dimintain Rp30.000,- masih wajar karena fotonya juga bagus bangett ğŸ‘ğŸ»"
4,Kemarin waktu di Dago sempat joging ke Curug ini karena dekat hotel di Dago atas. Sebenarnya tempatnya rindang dan asri cuma memang jalannya agak licin dan anak tangganya cukup tinggi. Not bad ğŸ‘masukannya di area air terjunnya banyak sampah ğŸ™
5,"Lokasi sejuk
Jalan lebar
Dekat tempat wisata Bukit Akasia"
3,Historical tempatnya sayang.. tidak terawat
3,"Akses ke tempatnya agak susah dan sayang banget , air nya coklat dan berbau. Padahal tempatnya lumayan dan ada sejarahnya juga.
Semoga bisa dikelola lahi menjadi lebih baik."
5,Jalannya curam. Jumlah sampah sepertinya berkurang dari tahun2 sebelumnya
3,"mayan bagus, adem, dan bisa jalan kaki dari rumah sekitar 15 menitan. tangga turunnya cukup terjal dan banyak, tapi masih reachable. keselnya udah nyampe bawah ternyata airnya butek dan full sampah. entah kenapa disini warga selalu buang sampah sembarangan entah di tanah kosong atau sungai, yg akhirnya pasti ngumpul disini.

ada penjaganya yang rawat dan bersihin setiap hari di tempat liat curugnya, tp kalo kudu bersihin sampah terus ya kasihan. kayaknya nggak diurusin jg sama pihak perhutani/tahura, jadi nggak terawat. mainan anak anak pun juga udah mau rusak, bahaya.

tempatnya sepi, berharap diurusin soalnya enak jalan jalan pagi kesini. sayang kalo tempat beginian jadi rusak dan jelek."
5,Lumayan untuk dipakai trek jalan kaki bagi pemula.. pemandangannya lumayan segar adem
4,"Harga tiket masuk Rp 5000,- kl ada penjaganya.
Ada warung sebelum masuk ke curug.
Menuju curug harus melewati tangga yg cukup curam dan kadang licin.
Jangan lupa pakai lotion anti nyamuk karena nyamuknya banyak banget."
5,"Salah satu curug yang menyimpan sejarah masa lalu, suasananya cukup nyaman, main ke sini karena tertarik dengan sejarah prasasti raja Thailand dan di sana tersedia papan informasi mengenai prasasti tersebut, sayang sekali di bagian sungainya banyak sampah, waktu itu datang ke sini hari selasa dan sepi banget cuma saya sendiri, oh iya hati hati kalau mau ke sini karena tangganya curam dan licin."
5,Wisata murah meriah dan cocok untuk yang hoby hunting photo...
4,Wuihh tempat melamun wkwkk tapi sayang airnya udaj coklat..
4,Cocok untuk berpetualang sedikit agak extrim tanjakan ke bawa curugnya..
3,"tempat wisata yang cukup terkenal dikota bandung,  ada beberapa prasasti disini dan yang pasti tiket masuk yang murah meria dan gampang dijangkau oleh kendaraan."
5,"Curug Dago adalah yang menarik untuk di kunjungi udaranya sejuk,dan enak untuk satai"
5,Airnya skr sudah kotor
5,lumayan sejuk..cmn saya ga jadi turun karna sepi banget
5,Keindahan alam curug dago dengan sinar matahari yg menerangi dari atas membuat terpesona
5,Curug legend yg berada di kota bandung
4,"Recommended for short escape,
Jalannya udah ada jalur yg sudah dibatu dan ada pegangannya.

Kemiringan cukup terjal, tapi ga terlalu jauh. Hati-hati jalannya dan gunakan sepatu yg sesuai karna jalanan cukup licin.

Pemandangan terbayarkan waktu nyampe di curugnya."
3,Tempatnya sejuk... Ada batu tulisnya... Tidak jauh dari pusat kota... Hanya saja airnya tidak sejernih dulu...
4,Terdapat situs prasasti raja Thailand menjadi daya magnet untuk melihatnya dan keindahan air terjunğŸ‘ğŸ‘ğŸ‘ â€¦
4,bagus hanya kurang terawat dan akses susah
5,Hidden gem tidak jauh dari pusat Kota Bandung
4,"Ada parkir motor yg cukup luas, ada tempat bermain anak-anaknya yg masih layak dipakai, warung tempat jajannya bersih, ada kamar mandinya juga. Nah kalau mau ke curugnya, harus turun tangga yang cukup licin jadi mohon perhatikan alas kaki apalagi kalau musim hujan. Tidak terlalu jauh kok turun tangga nya. Tepat di depan curugnya ada dua prasasti peninggalan Raja Thailand yang dulu pernah bersemedi di sini. Ibu Bapak penjaga prasastinya ramah."
3,Dulu waktu sd sering banget lari kesana atau bahkan hanya sekedar main kesana terakhir kesana waktu smp :'D sekitar tahun 2013san airnya aga kurang bagus yah. Dan kalo ujan itu sering ada sampah yang kebawa dari atas Dan jalan tidak boleh turun  mendekati curug karna berbahaya tetapi tidak tahu untuk sekarang disitu terdapat sebuah Prasasti
5,"Suasananya menyejukkan hati..pikiran plong,   tempatnya asik buat nenangin pikiran, dan ada tempat main anak, serta ada tempat nongkrong buat ngopi cantik"
5,Ternyata bangsawan kerajaan Thailand asal usulnya dari bandung yg zaman dulu dibuang ke siam..
5,Tempatnya nyaman
5,"Untuk memasuki kawasan wisata alam ini para pengunjung tidak perlu membayar tiket masuk. Harga tiket masuk alias htm ke kawasan wisata ini gratis. Hanya cukup membayar tarif parkir saja. Tempat parkir ini sudah cukup luas untuk menampung para pengunjung dalam jumlah banyak. Setelah melewati area parkir, para pengunjung harus berjalan kaki menuju ke area curug. Di sini para pengunjung akan melalui area anak tangga yang terbuat dari bahan beton. Dan harap berhati-hati. Pasalnya anak tangga di sekitar curug ini cukup curam dan juga licin. Ditambah lagi dengan tidak adanya pagar yang utuh serta pegangan besi yang kurang maksimal. Apalagi jika mengunjungi kawasan wisata ini ketika musim hujan, bisa dipastikan area anak tangga akan cukup licin."
5,"Tempat sejarah dan menikmati alam, akses jalan kaki dan roda 2 saja"
5,"Dr jaman sy sd sampe sy udah punya buntut tempat tetap sama, tp skrg tak seramai dulu n ada be2rapa spot yg tak terawat.. skrg jalannya udah bagus bgt, ada tempat main anak2nya.. cuman warung ngga ada, klo ga salah wkt sy kecil ada yg pedagang2 dsitu.."
4,"udaranya masih seger, cocok buat relax
curugnya makin mengecil. sebaiknya naik motor bisa sampai lokasi. kalau pakai mobil bisa parkir di bukit dago utara trus jalan kebawah sekitar 500 mtr. Atau dekat terminal dago parkir mobil nya trus bisa jalan kaki ke arah curug lumayan jauh. lumayan mantap"
5,"Gratis masuk tapi sepi.. gk ada orang sama sekali, paling cuman warga sekitar yang lewat.."
3,Tempat bagus dan indah namun akses sangat sulit dan menantang karena tebing dan tangga turunnya curam sekali. Disana terlalu banyak sampah yg ada di area hutan dan juga sekitar air terjunnya. Apabila bersih akan sangat indah
3,"Curug tidak terlalu indah tapi bernilai historis, masih asri suasana hutan tapi airnya sudah terpolusi. Setelah menyebrang jembatan curug,  ada jalur hiking  menuju taman Teras Cikapundung BBWS di Babakan Siliwangi,  patokannya jangan terlalu jauh dari sungai."
5,"Tidak bisa main air di bawah air terjun, tapi bisa di atas atau setelahnya. Bersejarah, tempat petilasan raja Thailand Rama V Chulalongkorn di tahun 1896 yang juga menghadiahkan patung gajah di Museum Nasional, dan Rama VII Prajadiphok di tahun 1901. Sungainya kotor karena mengaliri pemukiman."
5,"Curug Dago salah satu Curug (air terjun) yang berada di Kota Bandung, Curugnya tidak terlalu tinggi dan tidak terlalu besar namun penampilan curugnya sangat eksotis, cantik, dan ada situs raja Thailand yang zaman dulu pernah singgah ke Curug Dago. Spot foto keren dan Instagramable dengan latar belakang curug yang terasa begitu dekat. Sayang kalau tidak mencoba mengunjungi curug yang satu ini."
2,"Tempat yang aslinya bagus tapi karena kerusakan yang sudah terjadi sehingga tempat ini nampak kurang baik dari yang semestinya.

Tempat ini menyimpan sejarah baik dari sisi sejarah budaya dan geologi.

Sungainya sudah kotor dan tercemar sejak dari aliran arah hulunya, tempat sejarahnya kurang mendapat perhatian dari pihak terkait. Semoga ke depannya menjadi lebih baik lagi dengan dukungan semua pihak.

Bisa ditempuh sekitar 45 menit dengan berjalan kaki dari Terminal Dago."
5,melihat view hutan dan air terjun di tengah dago yg hirukpikuk
4,"Tempat yang bgus indah dan bersejarah.
bayarnya gak jelasğŸ˜”ğŸ˜” â€¦"
4,"Air terjun di Curug Dago ini mencapai tinggi 12 meter dengan arus yang sangat deras. Berbentuk seperti curug yang airnya berasal dari Sungai Cikapundung dan Maribaya hingga mengalir ke kota Bandung. Air terjun ini berpadu dengan kawasan gunung yang tentunya bisa memberikan nuansa hijau alami yang sangat mempesona.... Namun sayangnya, saat ini kondisi wisata Curug Dago tak seindah dulu.  Warna air sungainya terlihat sedikit keruh serta berwarna kecoklatan."
3,Tempatnya adem dan sejuk. Untuk area main anak dan saung kondisi kurang terawat. Serta kebersihan sebagian area kurang terjaga seperti akses setapak untuk ke bawah curug banyak dedaunan gugur berserakan
4,"Asri, bagus, cuma banyak sampahnya"
4,"Anak2 betah kalo udh main disana..
Tempatnya sejuk nyaman murah..
sayang nya pengelolaan tempat2 nya blm sepenuhnya terjaga contohnya mushola dan toilet tidak terawat..tidak ada air..mushola rusak semoga kedepannya bisa lebih baik..."
4,"Air Terjun (Curug) Dago adalah salah satu air terjun bersejarah karena pernah berkunjung Raja Thailand yang dimulai abad ke 18 yaitu Raja Rama V dan Raja Rama VII.

Curug ini mengalir pada aliran Sungai Cikapundung di dago, tempat nya cukup sepi,  dipenuhi pepohonan sementara jalan menuju curug agak terjal.
Debit air saat musim kemarau kecil, sementara sementara saat musim hujan deras dan air cukup keruh

-Irham Razaq Perdanakusumah"
4,"Tempat wisata yg harus dikunjungi juga, selain curug atau air terjun nya yang indah dan adem , tempat ini juga.tempat bersejarah karena pernah dikunjungi oleh dua raja thailand, dan meninggalkan jejak berupa ukiran aksara di Batu, sebuah kebangaan juga tentunya. Kebersihan disini juga harus dijaga oleh pengunjung agar tetap indah dan nyaman untuk dikunjungi ."
3,Kurang perawatan......airnya kotor
4,Curugnya bagus tempatnya masih asri. Harga tiket masuk 12rb perorang. Tempatnya kurang terpelihara mungkin karena petugasnya sedikit. Cocok untuk refresh sejenak dari keramaian kota bandung.
5,"Tempat lari dari keramaian kota. Enak sejuk buat ngadem, camp, hamookan, main di sungai."
3,"Curug dago merupakan tempat wisata alam yang indah sekaligus situs sejarah yang memiliki keterkaitan dengan kerajaan Thailand karena pada zaman dulu raja mereka pernah bertapa di Curug Dago,  terbukti dengan adanya batu bekas pertapaan raja Thailand tersebut. Tapi sayangnya kini Curug Dago tak seindah dulu lagi dengan keadaan sungai yang semakin kotor. ğŸ˜­ Untuk itu mari kita jaga dan lindungi alam kita ğŸ‘ğŸ˜"
5,"Salah satu curug yang ada di kota Bandung,, gak jauh dari jalan dago. Sayang tempat yang begitu indah belum terawat dan terpelihara dengan baik  Jalan ke arah curug sangat curam dan berlumut licin."
5,"Tempat refreshing recomended buat warga sekitar wilayah Dago. Tempat yang indah dan sangat menawan. Sayang keindahannya kurang terjaga karena sampah di beberapa tempat. Prasasti yang berisi tanda tangan Raja Chulalongkorn serta Pangeran Prajatthipok Paramintara, yang masing-masing merupakan raja ke V dan VII dari Dinasti Chakri juga kurang terjaga keindahannya.
Bagi anda yang kebetulan membaca review saya mohon untuk bantu menjaga keindahan tempat ini."
5,"Bagi siapa saja yg baca ini tolong berhati"" iyaa jangan turun curug dago sendirian ke tempat lokasi prasasti saya udah ngalamin, gara"" sendiri foto"" gk permisi akhirnya di ganggu sama penunggu situ badan lemas, bulu kuduk merinding serasa mau pingsan akhirnya lanjut naik lagi sambil baca sholawat.. harap berhati"" jangan sendiri ğŸ™ğŸ™ğŸ™ğŸ™ğŸ™ğŸ™ â€¦"
5,"Masuk gratis, hanya saja kalo mau ke curug nya harus kebawah dan ngasih aja se ikhlasnya ke yg nunggu di bawah"
4,"Tempatnya sejuk, apalahi kalau datang pagi hari. Sayang airnya agak bersampah, entah terbawa hujan atau gimana kurang ngerti juga.. well ,overall nice place apalagi kalau dikelola lebih serius. Bagi yg sedang tinggal di Bandung dan tidak punya banyak waktu kalau mau refreshing ke curug yg jauh2, tempat ini bisa dikunjungi.."
4,"It's ok, nice place. Dateng ke curug itu untung2an, waktu saya ke curug Dago ini airnya cukup deras tapi kebetulan airnya keruh kecoklatan. Overall bagus untuk tujuan wisata alternatif."
2,"Kurang begitu suka sama lokasi di sini.
Air terjun sudah tampak terlihat keruh coklat & Pengurusan fasilitas di sana seperti sudah tidak di perhatikan lagi :(.
Bayar 12rb / Orang
6rb / Motor"
5,Curug yang terletak di Kota Bandung dikelola oleh Dinas Pariwisata dan Kebudayaan Provinsi Jawa Barat merupakan salah satu destinasi wisata sekaligus cagar budaya.  Terdapat tempat persinggahan Raja Rama V dan Raja Rama VII dari Thailand saat berkunjung ke Kota Bandung berupa batu tulis yang telah menjadi bagian dari cagar budaya.  Mudah dijangkau dekat dengan terminal Dago meskipun jalan sedikit curam namun tempat sangat indah dan cocok untuk berwisata
4,"Tiket masuk 15 rb, untk wisman 55 rb, ada tmpt main buat anak2 walau sedikit (perosotan, ayunan,  mainan ketangkasan) tmpt mkn juga ada walau sederhana, wc."
3,"Pernah kesini sekitar 3 bulan lalu. Waktu itu tangganya sebagian hancur dan tinggi juga anak tangganya, ada bangunan kecil didekat curugnya tapi tidak jelas tulisan dan isinya tentang apa. Untuk hunting foto iseng saya rasa kurang bagus"
3,"Lokasi tidak banyak orang yang mengetahuinya petunjuk menuju lokasi minim, akses menuju lokasi hanya bisa di akses oleh kendaraan roda 2, lokasi seperti tidak terawat namun fasilits seperti toilet musola dan warung ada, petugas di sana ramah dan hanya 1 org biasanya"
5,Bagus tapi sayang kurang pengunjungnya
5,"Dago Pakar merupakan nama lain dari Taman Hutan Raya Ir. H. Djuanda yang diresmikan oleh Presiden Soeharto pada 14 Januari 1985. Dago Pakar yang termasuk wisata alam ini kaya akan flora atau tumbuhan, terutama pohon-pohon besar. Maka dari itu, setiap pengunjung yang masuk ke kawasan ini pasti akan merasakan kesejukan udara yang pastinya tak bisa ditemukan di kota-kota besar.

Selain dijadikan lokasi wisata, Dago Pakar juga memiliki fungsi lain yang bermanfaat, yaitu sebagai tempat konservasi flora dan fauna serta menjadi pusat penelitian botani. Jadi, Dago Pakar tak hanya sebagai tempat berlibur, tapi juga memberikan kontribusi positif bagi pendidikan dan kelestarian alam."
3,Wisata air terjun bersejarah di Bandung
4,Tempatnya sih lumayan tuh yg suka Olga hiking atau cari udara segar ..tiket masuknya pun Murmer tapi kurangnya informasi publikasi atau apapun itu...jd agak sepi dan ga terlalu terawat seperti nya...
3,"Harga tiket masuk gratis, disini bisa melihat raja thailand yang pernah berkunjung ke curug dago berikut prasastinya...lokasi dekat terminal dago akses jalan sedikit curam kalo jalan besar ke sebelah kiri arah jalan sekolah internasional...lokasinya hanya bisa dilalui motor atau berjalan kaki sejauh 500meteran...untuk mobil disarankan parkir di pinggir jalan raya, karena medan yang sulit untuk parkir."
2,"Tidak ada yang istimewa untuk curug dago, Jalan masuk kecil, ada plang tulisan curug dago,  masuk bayar 15 rb/ orang, motor 5 rb,  pas nyampe d curug ny, Jalan dulu k bawah itu pun curugnya cuman air mancur yg kecil dan kotor, kata orang sekitar di pake untuk tempat persembahan gt,  agak nyesel kesana.. Maaf hanya cerita"
1,harga tiket masuk terlalu mahal tidak worth it tempat kotor seperti tidak di urus
5,"Suasana enak,adem walaupun dekat dengan pusat kota bandung,coba deh kesini bagi yang suka olah raga pagi pagi"
5,Mantaf untuk cari keringat lewat futsal sambil silaturahmi
5,Bisa di perbaiki lagi ga lingkungannya ..soalnya Curug nya lumayan bagus cuma penuh sampah aja
1,"Tempat wisata dan airnya kotor, HTM juga tidak sesuai dengan yg di infokan...
Makanya pengunjung sepi...

Saya harap pemda stempat bisa lebih memperhatikan"
5,"Sekitar 2017 saya prnh k sini .tmpatnya enak ,sejuk .tp ke prasastinya saya ga kuat lama"" ,bawaannya pngn ngajleng ke air nya .jd cpt"" naik lg ğŸ˜… maybe saya k sana abis ujan gede ,jd akses k bawah nya aga sulit krna bnyk bekas pohon tumbang â€¦"
2,"Sungainya kotor byk sampah disisi sungaiğŸ‘ tolong dinas kebersihkan digerakkan
Hrsnya bisa dibuat tempat yg nyaman utk relax â€¦"
3,"Tempat bermain anak-anak sudah rusak, pagar tidak ramah anak kecil."
5,Sangat asri cocok untuk refreshing
5,"Masih satu komplek dengan komplek wisata THR IR. H . Juanda sehingga tidak membutuhkan tiket baru. Sangat asri, ada juga seperti Shrine bekas pemimpin Thailand."
4,Rekomen utk foto foto
5,"Tempat ini sangat menyejukan hati jika kalau sedang hati gundah, bila jalan jalan ke curug dago di jamin anda sekalian akan ketagihan bila telah mencoba bertamasya ke curug dago"
4,"Kurang terawat, tangga agak licin dg air sungai yg bersampah dan kurang jernih. Akses ke lokasi tidak mudah ..."
2,Cukup bagus akses jln jg cukup baik u kendaraan roda 2 cm jln ke arah curugnya licin dan agak rusak..cukup serem juga klosendirian..rada2 gimana gitu...ğŸ˜ŠğŸ˜ŠğŸ˜ŠğŸ˜Š â€¦
4,Allhamdulilah BS berkunjung LG k Jurug Dago ternyata skrng lmyan rapi sarana lengkap WC dan mushola .tempat nongkrong yg rekomend deh ğŸ‘ğŸ‘†ğŸ˜ â€¦
5,"Gak sempet foto2. AirNya lagi keruh.
Tapi beneran keren tempatNya
Udara nya juga sejuk.. Ada cinta terukir disana â¤ deh pokokNya"
5,"Kawasan wisata masuk ke area THR juanda, kawasan hutan di daerah pemukiman warga, lokasi dapat di jangkau dengan berjalan kaki"
4,Enak tempatnya sepi tidak ramai pengunjung
5,"Deket banget Dari pusat Kota, Dari terminal dago arah punclut, belok kiri
, Kemudian turunan curam Ada tanda petunjuk arah belok kiri, jalan lumayan sempit."
5,tempat wisata yang dekat kota bandung
3,Air sungainya sudah tidak jernih. Jalan menuju lokasi agak bikin deg2an krn seram ğŸ˜„ â€¦
5,"Salah satu tempat bersejarah di kawasan bandung utara, konon tempat ini merupakan tempat bersemedi raja thailand pertama dan anaknya, dan mereka menyebutkan bahwa kota parahyangan ini merupakan tempat leluhurnya"
3,Dingin hawananya....jalana tersebut hanya dilalui satu motor..jalan cukup curam dan menanjak.
4,"tempat yang bagus dan nyaman untuk dikunjungi, terdapat situs peninggalan raja thailand"
4,"tempatnya nyaman sejuk harga tiket trjangkau,bagi yg mau wisata ke curug kalian bisa coba kesini"
5,Salah satu tempat wisata yg cukup murah dgn panorama yg cukup eksotis semoga kita dpt menjaganya dengan baik
4,Bagus banget tapi sayang sungainya kotor dgn sampah2 . Sebenarnya bukan sampah dri pengunjung tpi sampah dri aliran sungai
3,Tempat nya lumayan sejuk... Tapi untuk fasilitas nya kurang apalagi kebersihan nya kurang banget :( di airnya malah banyak sampah ğŸ˜¥ â€¦
4,Tempatnya sejuk..hanya saja jangan datang saat musim hujan. Karena airnya keruh
3,"tempat rekreasi keluarga yg cukup nyaman, mudah di jangkau dg kendaraan bermotor atau berjalan kaki"
2,Kurang terawat... Harusnya menjadi destinasi wisata lokal Unggulan.. Terutama situs sejarahnya..
5,"Wah klo disini keamanan terjamin tapi mesti hati2 disini tdk boleh bicara seenaknya,jadi harus jaga kesopanan."
4,"Suka sama tempat ini karna banyak banget sejarah sejarah atau prasasti, tapi waktu di Curug nya ko sepi banget..."
4,Lumayan bagus buat ngadem
5,"Akses jalan cukup menantang dan perlu ditingkatkan.
Jarak yang dekat dari kota memudahkan untuk akses"
4,Nyasar dooong pas ke sini. Malah ambil jalan yang ujungnya masuk gakng kecil. Gak jadi lah langsung balik arah. Katanya seharusnya belokan yang di atasnya.
2,Curug yang seharusnya jadi destinasi wisata dari mancanegara ataupun lokal malah tidak terurus dan semakin kotor
5,Mantap pisan....buat orang yang ingin napak tilas eyang prabu Siliwangi/eyang Nyi Rambut kasih....sejuk sejuk sejuk pokoknya
3,"Sayang tempat tidak terawat dengan baik,padahal terdapat situs diarea jurug dago"
4,"cukup oke yaa buat hiking tipis sama keluarga, dan refreshing"
1,"Jelek kumuh kotor, liat airnya aja jijik bgt, beda dgn yg di Google map, MENGECEWAKAN SEKALI"
4,sufah tidak terawat
5,Napak Tilas  ke Curug Dago .
4,"Perjuangan banget tangganya banyak ga bs maen aer, dan agak spooky"
5,"Tempatnya tersembunyi, sedang renovasi"
5,"Dari sekolah Global Prestasi Bandung jalan kaki ke Curug Dago.
Tempatnya adem sekali."
4,"Bagus tempatnya,  cuma cape naik turyn tangga menuju lokasinya"
4,Sayang banget airnya kotor
3,"Sungainya keruh, padahal masih termasuk kategori hulu.
Tidak terbayang bagaimana kondisi hilirnya ğŸ˜« â€¦"
3,Airnya kotor
1,"Uang masuk terlalu mahal,tidak ada tempat sampah,pokoknya tdk nyaman banget"
5,"Tempatnya adem, airnya deras tapi banyak sampah plastik. Katanya sumber air nya dari buangan PDAM"
4,Cocok buat yg senang rindangnya pepohonan dan udara segar. Jalan masuknya  agak tersembunyi.
2,"kurang terawat, sangat disayangkan tempat dengan situs sejarah penting namun berkesan diabaikan"
5,Tempat rekreasi sekaligus mengulas sejarah tanah sunda khususnya wilayah dago
1,"Curug ini tidak menarik sama sekali, anda akan menyesal pokoknya kalo kesana"
5,Curug yang sangat unik karena berada di kota Bandung
2,"Akses sulit, fasilitas minim, kebersihan kurang, tapi harga tiket cukup mahal."
4,"Amazing place , indah bgt deh pkonya ccok buat yg dateng sm pasangan"
3,"Tempatnya kurang terawat,.. Air keruh,. Mungkin karena musim hujan.."
5,Bagus buat foto foto di daerah sini air terjun nya indah ada saung saung di pinggirnya
5,cerita cerita tentang kelinci
5,"Rimbun
Teduh
Masi segerr udara nya
Sayang akses jln dan peeawatan nya kurang maksimal"
3,"Air nya udah mulai. Kotor, tapi ada batu tulis peninggalan kerajaan thailand"
5,Sejuka dan asri cocok bwt cari inspirasi sambil liatbair curug yang deras ğŸ˜ â€¦
1,Kotor.. seperti tidak terawat (?)
3,Kurang perawatan tempat nya
4,Jalannya kecil dan lumayan curam. Hati2 licin
4,"curug di tengah kota, tempatnya tersembunyi, jalan kesini agak curam"
5,Seruuuu...
3,Tempatnya cukup dekat dengan pusat kota Bandung. Cocok buat trekking ringan
3,Sayang ya sekarang air di curugnya kotor dan banyak sampah.
5,Perlu peningkatan pasilitas untuk menarik wisatawan datang ke curug dago
4,Tempatnya pangeran dari Thailand bertapa disini makanya ada rumah kecil di dekat air terjunnya.
3,"Debit air terjun nya cukup deras,  hanya saja tidak jernih"
4,"tempat wisata dikelilingi hutan, air terjun, jalan menanjak, dan batu prasasti dari thailand"
5,Cukup sejuk udaranya namun perlu stamina yang kuat untuk mengitarinya.
5,suasana alam masih asli memberi nuansa hutan tropis yg bener-bener asri
4,Htm murah.rekomendasi kalo sedang ada d bandung bier gak cuman belanja
2,Kecewa. Karena kotor dan tidak bisa percaya bawah memang curug tidak
5,"Tempat enak ,kalo malam sangat dingin"
3,Perlu lebih dipromosikan dan ditingkatkan fasilitas serta kebersihannya.
2,"Kurang terawat dan banyak sampah, tidak indah seperti dulu"
3,"Buat jalan pagi lumayan, sambil menghirup udara segar"
2,"Airnya kotor, banyak sampahnya. Tidak rekomendasi buat kesini."
2,Cukup dekat dengan pusat kota
5,Tempat nya teduh
5,"Tempat yang sangat asri,sejuk,tempat refreshing paling sangat gampang dijangkau"
1,"Enak banget tempat ny banyak macan keliaran
Mantap deh"
3,Air nya kotor dan jorok dengan sampah
4,"Suasana nya Enak di pandang,,,Tapi di bawag curug nya banyak sampah"
5,"Recomended, satu wilayah sama taman hutan raya ir.h djuanda."
3,"Tempat bernostagia dari 40 th yl, sayang tidak dikelola dg baik, tidak ada kemajuan"
5,"Sejuk udaranya,cocok untuk bersantai."
3,Lumayan harga tiket terjangkau untuk semua kalangan
5,Lokasi Geopark Tahura yang dikunjungi oleh Raja Thailand ratusan th yg lalu.
5,"Bersih, asri, terbaik si buat ngadem dan ngumpul sama temen temen"
3,"Kurang baik bnyak sampah di airnya,,, ga bnyak wahana"
3,"Andai airnya bersih, pasti tmpatnya lebih enak lagi"
5,buat penikmat jalan santai dan jogging ok deh
4,"Curug yang indah,daun berserakan"
5,"Bagus tempat nya asri sejuk, dan tempat bersejarah"
5,Cukup bagus tp sayang kurang terawat
4,tempat bersejarah...sepi tidak banyak pengunjung
5,Suasana sejuk di tengah kota bandung enak untuk relax
5,Mantap
5,Sangat indah sekali dan bagus piu nya pokok nya sangat indah sekali
4,Tempat yang cukup bagus buat refreshsing...
5,tempat nya sangat sejuk nyaman untuk beristirahat
1,sayang sekali sangat kotor dan kurang terawat
5,Buat rekreasi buyget minim cocok sekali
5,"Enak nyaman, bersih tapi tangganya bikin lelah"
5,Buat ngadem
5,Ada prasasti curug dago dari Raja Rama Thailand
5,"Terpencil tapi tempatnya sepi dan syahdu, cocok untuk menghilangkan stress"
5,Baru pertama kali datang tapi suasananya adem banget
4,"Nyaman, cuman agak licin untuk turunnya"
5,Tempat yg cocok buat nenangin hati
5,Tempat wisata klasik ada situs sejarahnya
1,Posisi wisata dg google maps tidak akurat dan tidak sesuau
3,"Salah satu situs batu tulis, peninggalan kerajasn dulu ada di dago"
2,Bagus tapi jalur ke situs terlalu curam dan sempit
4,"Nggak jauh dr kota, alam masih asli"
5,Arena jalan pagi yang rekomdedlah
4,Tempat yg cocok untuk jln berduaan.
4,tanjakan dan turunan jalan yg lumayan agak ekstrim.
5,Tempat kumuh air sungai butek dan berbau sungai bersampah
3,Curug atau air terjun yg masih alami
2,Kotor banyak sampah dan tidak terawat ..
4,Petilasan prabu Siliwangi.. cuma sayang kurang terawat
3,Daya tariknya rusa. Cman jalannya jelek.rusanya lucu
5,Sejuk bersepeda di pagi hari ğŸ’ªğŸ» â€¦
3,"Yang  bersejarah dan terdapat situs,penasaran? Kunjungi !!!"
5,"curug dekat dengan goa goa,  sejuk asri rekomended"
5,sangat emezing â˜ºğŸ‘Œ â€¦
3,Mau kesitu belum punya pasangan cewe single
4,"Untuk sampe t4 inih,, jalannya lumayaaannn..."
5,Sejuk dan segar tmpt buat istirahat
4,Sejuk!
3,Tempat yg sejuk buat rekreasi
4,"Tempatnya sejuk,menarik,dan banyak pengunjung"
5,Lumayan tapi tapi kurang pengunjung
4,Kondisinya Asri. Enang untuk jogging dan sepedaan.
3,menuju curug nya agak seram
4,Lumayan
5,?imut obat nf sbb h iniace 5f pretty UC bhcz
4,"Sudah bagus, tinggal lebih di rapihkan lagi"
4,Indah sekali tempatnya. Sya pernah sekali ke sana
5,Tempat nya adem
4,Selain keindahannya ada juga edukasi sejarahnya
5,Mantap...sejuk asri dan penuh oksigen...
5,Lumayan murah biaya masuknya
2,"Kotor, jalan menuju lokasi jelek, susah dijangkau"
3,Menyenangkan tapi Fasilitas umumnya kurang
4,Masuk di channel yutub jurnal risa niy...
5,Bgus.sayang jln nya rusak
3,Airnya ga jernih ya kotor
5,Tempat wisata yg sangat indah di bandung
5,Sangat sejuk di tengah kota bandung
5,Sejuk dan bagus buat foto foto
5,tersembunyi dibalik hiruk pikuk kota
4,Saya suka tempat nyah bagus
5,Tempat yang sangat bagus dan menarik
4,"Lumayan
Cuma harus di perbaiki saranany"
5,temat nyaman untuk menenangkan pikiran
3,Bagus untuk lokasi wisata lokal
5,Sejuk
5,Tempatnya masih suejuk...
3,Saat aku makey mep aku lancar perjalanan aku
5,tempatnya sejuk dan nyaman
3,"Banyak sampah, kurang terawat"
3,Perawatan dan pengembangan fasilitas kurang
4,Asri sejuk dan enak untuk santai
5,Mantap enak kali tempat nya
3,Kotor air curug nya bau
5,10rb tiket
5,Destinasi wisata alam terbaik
5,Tempat yg paling nyaman..
5,Pemandangan yg sangat mengesankan
5,Lokasi mantap buat bersantai
5,"Sepi ... Sayang, Semenjak covid"
3,Sayang kurang perhatian nya dari pemerintah
3,Hati2 jalan nya yah
4,Perlu perbaikan akibat longsor
3,Bagus sih tapi ga kerawat
5,Tempat wisata yang murah meriah
3,bagus namun kurang terawat
5,"Tempat nya sejuk, rapi"
2,Ktr tdk terawat
5,Adem bgt
1,mahal sih untuk sekadar jalan jalan
5,Curug dago
3,Msh kurg perawatan
3,Kondisinya kurang terawat
4,Siap kuat dingin
3,Jalannya kurang lebar
4,"Instagramable, cuma aksesnya sulit"
1,Ga terawat dan kotor
3,Ok lah
5,Sejuk tapi sedikit seram ğŸ˜ â€¦
5,Enak nyaman adem lestari
5,"Bagus bgt,adem"
4,Lumayan untuk wisata gratisan
5,Cocok untuk wisata alam
5,Tempat seru buat kumpul
4,Mantap buat niis
5,Enak buat ngadem nih
3,Bagus tempatnya
4,Bagus buat nambah wawasan
4,Tempat yg sejuk
5,Tolong dijaga kelestariannya....
5,Air terjun kecil and indah
5,ğŸ‘ğŸ‘ â€¦
4,Tempat yang bagus untuk istirahat
5,Indah dan menarik
5,tenpat yg tenang
5,Kurang terawat
3,Tempatnya kotor
4,Tempat yg eksotik ...
5,Bagus
5,Mantap tempat nya
5,Sejuk dan tenang
5,Bagus tapi sedikit angker
1,Serem tempatnya
4,Indah...
4,tonggak sejarah kota bandung
4,bagus sekali
5,Keren ğŸ‘ â€¦
1,Tempat nya tidak terawa
5,Agak serem dikit
4,Air Terjun curug
5,Curug yg aneh
4,Tempat yang baik untuk jalan jalan
3,Perlu pembenahan
5,Sangat baik untuk rileksasi
5,Cuma lewat
5,Buat ngadem ajasih
2,Banyak sampah
5,Curug Dago   keren dan eksotik
1,Makam tua curug dago
5,Sangat bagus
5,ğŸ‘ğŸ‘ğŸ‘ğŸ‘ğŸ‘ â€¦
5,Bagus banget
3,Banyak nyamuk
5,ğŸ‘ğŸ‘ğŸ‘ğŸ‘ğŸ‘ â€¦
4,pemandangan alam yang indah
2,Kurang fasilitas
5,Mantap pokoknya
3,bagus bangett
5,Kerenn
4,Bagus tempatnya
4,tempatnya masih asri
5,Belum pernah
5,Mantap
5,Mantul
5,Bagus mantap
3,Kotor
4,Dingin
5,Bagus
4,Lumayan
4,Waw
3,Nice Curug ....ğŸ‘ğŸ‘ğŸ‘ â€¦
5,Mantap
4,Mantul
5,sejarah
5,Enak unk resferesing
5,Bagusss
5,Indah
5,Mantap
5,Tempat wisataa :((
5,Tempatnya Eksotis
3,Keren
5,Bagus
5,Mantull
1,Senang
1,Bagus
5,Tempat enak di bandung
5,Bagus
4,Lumayan
2,Kotor
5,Indah
3,Kotor
4,Mantap
5,Mantaf
5,Adem
5,indah
5,Lumayan
5,Seru maen air
5,adem banget
5,bagus sekali
4,Yup
1,loba kenanganna
5,Indah alamnya...
3,Mantab juga
5,Capek..kesananya.
5,Wow
5,Sip
5,Sip
5,Akses sulit
4,Alam segar
4,Jogging saba kota....curug dengan pemandangan indah melalui jalur pepohonan yg rimbun
4,"Jogging pagi sampai ke Curug Dago..
Baru tau ada Curug ğŸ˜…"
5,"Air terjun perkotaan ini menawarkan pelarian yang sangat menyegarkan di tengah hiruk pikuk kota. Pemandangannya indah, memberikan elemen alam yang menyenangkan. Namun, jalan setapak dan tangga menjadi cukup licin setelah hujan, jadi berhati-hatilah. Kami mendaki bersama anak-anak dari Dago Asri ke air terjun dalam waktu sekitar 40 menit, yang merupakan perjalanan yang bisa diatur, namun tetap perhatikan kondisinya."
5,"Datang tahun 2024, pakai sepeda motor. Jauh lebih bersih dan terawat dibandingkan ulasan sebelumnya. Anda bisa masuk langsung dari jalan utama atau memutar dan melewati desa kecil.
Anda mulai dari atas dan berjalan kaki singkat selama lima menit ke bawah. Worth it jika ingin melihat sesuatu yang baru di kawasan Bandung."
5,"Curug dago merupakan salah satu air terjun terkenal yang banyak dikunjungi orang untuk piknik di waktu senggang. Itu juga menjadi tempat pertemuan suatu acara. Saat saya masih kecil, mungkin di tahun 90-an, saya sering pergi ke sini untuk jalan-jalan, karyawisata taman kanak-kanak, acara jalan-jalan, dan menghabiskan waktu luang bersama orang tua dan saudara-saudara saya.

Sekarang, tempat ini mungkin belum begitu dikenal tetapi saya tetap akan merekomendasikannya untuk Anda. Orang mungkin akan terkejut karena di kota besar terdapat air terjun. Curug Dago masih berada di Taman Hutan Raya Ir. H. Juanda atau dikenal dengan Tahura Dago. Mereka tidak menyediakan tiket apa pun atau membebankan biaya kepada kami untuk memasuki area tersebut. Namun di kawasan air terjun ada 2 orang lansia yang memegang buku dan meminta kami untuk mengisi buku tamu, ketika saya melihat di goigle review, para lansia tersebut meminta uang untuk membersihkan kawasan air terjun (yang dilakukan oleh mereka). Saya memberi mereka 5000 untuk 1 orang dewasa jadi saya memberi mereka 10.000 untuk saya dan suami. Saya bertanya kepada mereka, apakah itu cukup? Mereka menjawab, alhamdulillah cukup. Kalau mau memberi lebih pasti mereka akan senang dan bersyukur.

Yang menarik dari tempat ini adalah area taman bermainnya. Menurut saya, sejak saya mempunyai anak, taman bermain merupakan aset yang penting dan orang-orang akan tertarik untuk datang ke tempat yang didalamnya terdapat taman bermain. Namun mirisnya, di curug dago banyak bagian taman bermain yang rusak dan rusak. Tentu saja tidak aman bagi anak-anak untuk bermain di sana.

Untuk para orang tua terdapat warung yang menjual makanan murah seperti indomie, kopi, nutrisari, gorengan, roti, jajanan, dll.

Sebaiknya Anda pergi ke sana dengan menggunakan sepeda motor atau berjalan kaki. Jika Anda kemari menggunakan mobil, Anda bisa memarkir mobil Anda di mulut gang di area lahan hijau citra. Pakailah sepatu yang bagus karena tangganya licin dan akan sangat berguna saat turun. Jika anda ingin melanjutkan perjalanan anda bisa mengunjungi kawasan kuliner punclut yang letaknya dekat dengan plase. Tanyakan arah kepada penduduk setempat atau cukup buka google map dan cari 'punclut' Anda akan menemukan warung pinggir jalan dan banyak restoran yang menyajikan nasi merah, ayam goreng/bakar, sambal lalap dan masih banyak lagi."
5,Air terjun yang sangat kuat.  Aliran air yang besar juga terlihat indah.  Menakjubkan!
2,"tempatnya sepi, enak buat jalan-jalan, kalau punya sepeda wajib bawa ğŸ˜¬ğŸ’¦
tiket masuk sesukamu (Rp.5rb untuk pembersihan)

Sepeda Sanguan Bandung
#UlahRiweuhPirageNgaboseh
#UlahHilapDisanguan"
3,"Sangat sangat tidak terawat, terlalu banyak sampah di air terjun ini, juga anak tangganya sangat berbahaya setelah hujan, licin bisa menyebabkan tanah longsor."
4,"Sebenarnya ada jalan pintas lain yang jauh lebih cepat dan aman dibandingkan yang dipandu oleh Google Maps. Anda hanya dapat mengakses tempat tersebut dengan menggunakan sepeda motor (sebaiknya) atau berjalan kaki.

Tidak perlu reservasi.
Terdapat foodcourt (warung), tempat parkir sepeda motor, taman bermain anak, dan toilet.

Anda bisa menemukan dua bangunan yang berisi batu besar dengan papan nama raja-raja beberapa tahun lalu dan juga air terjun yang indah. Namun terdapat beberapa sampah di badan air yang mengurangi keindahan air terjun."
5,"akses mudah! Rp 5k untuk retribusi. kamu bisa melihat patungnya, tapi tidak bisa berenang di sana"
3,"Kunjungan pertama saya adalah ketika saya berusia 7 tahun. Menjadi tempat liburan favorit saya sejak saat itu. Hari ini saya kembali setelah lebih dari 30 tahun. Jalan menuju perbaikan telah diperbaiki. Suara gemericik air masih menenangkan jiwa. Angin sepoi-sepoi menenangkan jiwa-jiwa yang gelisah. Namun airnya sangat tercemar dan buruknya pemandangan sampah dari atas bukit yang bercampur dengan arus.
Alhamdulillah saya bukan orang asing yang harus dikenakan biaya masuk 55K. Yang dalam negeri harus bayar 15K. Untung saja saya sudah berkali-kali kesini, tahu banyak sekali jalan pintas masuk, sampai melewati gerbang retribusi, hanya pas keluar..
ğŸ˜‰"
5,Air terjun yang indah tidak terlalu jauh dari kota. Aksesnya mudah hanya perlu mencari tempat parkir terdekat dan berjalan sedikit. Kenakan sepatu Anda yang nyaman dan dapat diandalkan karena jalurnya mungkin sedikit licin
4,"Dulu saya sering berjalan kaki ke Curug Dago ketika saya masih muda dan sekarang sangat berbeda, bangunannya tumbuh besar-besaran, seperti pilihan terakhir untuk mencari tempat hijau di sekitar Dago. Di sini Anda masih bisa melihat mata air alami, air terjun, sungai, bambu. Semoga saja tempat ini bisa bertahan lama, setidaknya bagi sebagian orang bisa melihat sebuah titik kecil yang mereka sebut alam, yang masih ada secara alami."
5,"Air Terjun Raja Rama V dan Raja Rama VII dari Thailand
Saya melihat Prabhas ketika saya mengunjungi Indonesia.
Ada paviliun bergaya Thailand yang menutupi batu dengan monogram kerajaan tertulis di atasnya.
Dari keduanya

Pintu masuk menuju air terjun adalah sebuah gang kecil.
Parkirkan mobil Anda dan berjalan sekitar 200 meter.

dan naik beberapa anak tangga batu lagi
Anda sebaiknya memakai sepatu kets.

Hati-hati tergelincir."
3,Untuk menuju spot foto terbaik ini mengharuskan Anda menuruni anak tangga yang cukup curam. Terdapat 2 batu prasasti (prasasti) yang tidak ada keterangan sama sekali. Memiliki potensi wisata namun harus lebih dipertahankan.
5,"Lumayan buat jalan pagi
Setelah hujan, jalannya licin ğŸ¥´"
4,Curug indah yang sangat nyaman untuk dilalui di tengah kota. Jangan lupa memakai sneakers/sepatu anti slip karena tangganya agak licin
5,Tempat yang bagus untuk melarikan diri ke hutan dan menikmati air terjun Curug Dago yang terkenal. Dekat dari pom bensin dan terminal bus.
4,"Tempatnya penuh sejarah, banyak sisa energi masa lalu tentang raja Thailand yang pernah singgah di sana. Bagi penyuka ilmu mistik, tempat ini cukup menarik. Layak untuk mampir. Sayangnya sekarang sudah lebih terawat. Mereka yang bisa melihat hal gaib bisa berbagi pengalamannya."
3,"Air terjun indah yang agak tersembunyi di tengah kota, sayang sekali KOTOR"
5,"Memang tidak mudah untuk menemukan air terjun tersebut, Anda harus merangkak turun setinggi sekitar 10 meter"
5,"Tempat yang bagus untuk hiking, tidak terlalu jauh dari jalan utama Dago"
3,"Sebuah jembatan kecil yang menghubungkan kawasan utara Dago dan kawasan utara Gimblet...
Anda tidak bisa berkendara di jembatan, jadi Anda cukup berjalan kaki atau mengendarai sepeda motor..."
4,Tempat yang bagus untuk dikunjungi tetapi airnya masih tidak bersih karena polusi rumah tangga
5,"Nyaman dan agak tenang, tempat yang sempurna untuk bersantai dan bersantai."
5,"Air terjunnya keren, tapi tangganya sangat perlu diperbaiki"
4,Area yang bagus untuk berjalan-jalan dan melihat alam yang memiliki sesuatu tentang ThailandğŸ¤— â€¦
5,Rakyat Thailand harus mengikuti jejak Yang Mulia.
3,"Tempat ini sebenarnya bagus dan kaya akan cerita sejarah. Ini berpotensi menjadi area publik. Namun pengelolaannya kurang baik, berbeda dengan lingkungannya yang dipenuhi apartemen, hotel, dan kafe. Ini perlu mendapat perhatian lebih.

Terakhir kali saya datang, pintu masuknya hampir tidak terlihat dan air terjunnya dipenuhi sampah dan limbah lainnya. Andai saja pengunjung mengetahui di mana membuang sampah sembarangan dan pemerintah mengelola situs ini dengan lebih serius. Saya rasa akan lebih banyak sorotan jika suatu saat orang akan menyadari bahwa Bandung bukan hanya tentang kafe, mal, FO, dan distro, tapi juga pemandangan alam yang indah."
3,Adem & keren.. banyak yang datang
3,Angkat tangan Anda jika Anda ingin menghabiskan waktu di air terjun alami yang sederhana meskipun Anda harus menuruni tangga. Lihat beberapa situs dan rasakan bola di bawah sana. Berbahagialah bernapas di bawah pepohonan.
1,"Lokasi sangat terpencil. Harga untuk penduduk lokal 15k, turis 55k. Seperti yang disebutkan orang lain, air terjun yang bagus tetapi perawatannya sangat buruk... dan penuh dengan sampah.. kami merasa sedih melihat lingkungan yang indah tapi kotor."
4,"tempatnya sejuk, di tengah kota. aksesnya hanya dengan berjalan kaki atau bersepeda. kurang bersih tempatnya, mungkin karena tidak ada aktivitas selama masa pandemi."
3,"Coba lihat airnya jernih dan tidak ada sampah, nyaman seperti itu."
5,"Dibandingkan dua tahun lalu saat pertama kali kami berkunjung, lebih sedikit sampah, lebih indah, lebih menyenangkan. Kerja bagus!"
5,Tempat yang nyaman untuk melepaskan stres
5,"Kampung halamanku tercinta penuh kenyamanan dan keindahan, meski air terjunnya tak sebersih dulu :*"
4,"Air Terjun Legendaris, terdapat prasasti Raja Chulalangkorn dari Thailand
Suasana sejuk seperti di tengah hutan"
4,Tempat yang bagus untuk menikmati alam dan air terjun. Tapi agak terpencil dan butuh perawatan yang baik.
5,"Hotelnya bagus, aksesnya mudah, stafnya ramah, suasananya bagus, makanannya enak, bersih dan aman."
3,"Sulit dijangkau, air terjunnya kecil dan kotor serta banyak sampah dan hewan liar di jalurnya"
5,"tempat yang bagus, tapi agak jauh untuk dijangkau. harus memiliki kemampuan membaca peta yang baik"
4,Tempat terpencil. Datanglah pada hari-hari kantor. Saya yakin Anda mendapatkan atmosfer yang tenang
5,Bukan sekedar air terjun tapi banyak sejarah di tempat ini....
5,"Penduduk setempat sangat baik, mereka sangat baik kepada pengunjung.."
2,"Air terjun yang sangat kecil, sangat sulit untuk mencapainya. Saya tidak menyarankan untuk mengunjunginya"
3,Air terjunnya bagus tapi lingkungan sekitar perlu dijaga dengan serius
5,Alami
5,air terjun...bagus
2,Google Map membawa kami ke jalan buntu.
4,"tempat yang bagus, bersejarah, tetapi perlu lebih banyak pengaturan."
5,Air terjun yang bagus
2,Harga tiket mahal dan air terjunnya tidak bersih
3,"Tolong dijaga kebersihannya, biar Bandung sukses"
5,"Cantik, saya sarankan berkunjung"
4,"Pemandangannya indah, namun aksesnya cukup sulit."
5,Senang rasanya bisa berkumpul dengan teman-teman
4,Tempatnya keren
3,"Masuk interior, tidak disarankan"
5,Tempat yang bagus untuk jalan-jalan ğŸ˜ğŸ˜ â€¦
5,Segarrr..ok mantapğŸ‘ğŸ˜‚ â€¦
5,Sangat dingin
4,menya
3,Tempat wisata tidak terawat dengan baik.
4,Hutan di kota ğŸ‘ â€¦
3,Tidak ada orang pemandu di lokasi pada pagi hari.
5,Tempat yang bagus.
5,Suka suasananya
5,"Telinga Dingin, Mata Mengkilap"
5,Sangat dingin
5,Air terjunnya sangat indah
5,Trek Lintas Pendakian Menurun
5,Menjadi.. ğŸ˜ â€¦
4,"Ya, ya."
5,perlu rekontruksiğŸ˜³ â€¦
4,Tempat yang bagus untuk rekreasi.
4,"Luar biasa, tapi terkadang menjijikkan"
4,Pemandangan yang indah
5,"Maaf, tidak peduli."
4,Membutuhkan perawatan berkala
4,Suasana sejuk pepohonan
5,permata tersembunyi di kota bunga
5,Rumahku
5,Tempatnya keren
5,BagusğŸ˜ â€¦
4,Pemandangannya bagus sekali....
5,tempatku
5,Suka bagus
5,Luar biasa
5,adam
5,Tolong rawat tempat ini!
5,Kemenangan
5,Pemandangan yang bagus ğŸ‘ğŸ˜€ â€¦
5,Itu keren
5,Oke
5,Bagus
5,Kru sepeda Myc
5,Oke
5,Bagus
5,Oke
3,Cantik
5,Rumahku.. Alam
4,Luar biasa
5,ğŸ‘ğŸ‘ğŸ‘ğŸ‘ â€¦
2,kotor
4,tempat dengan air terjun kecil
5,ğŸ‘ğŸ‘ğŸ‘ â€¦
3,...... sekali saja sudah cukup ....
4,Perlu pemeliharaan
3,Akses yang sulit
5,Tempat yang indah
4,Sulit dijangkau
4,Okeeeee
5,Tempat yang bagus
5,banyak hantu
5,Tgggggggggggggggg
4,Tidak ada komentar...
